"clientName","serviceProviderId","rfc","siteName","siteNumber","groupId","groupName","tecnologia"
"MODATELAS","MODATELAS","MOD041014KI3","SANANDRESTUXTLA",71467521,,,"CUAD-BROADSOFT"
"MODATELAS","MODATELAS","MOD041014KI3","TUXPAN",71467520,,,"CUAD-BROADSOFT"
"MODATELAS","MODATELAS","MOD041014KI3","HUAMANTLAII",71467519,,,"CUAD-BROADSOFT"
"MODATELAS","Modatelas","MOD041014KI3","OAXACA2",71467574,,,"CUAD-BROADSOFT"
"MODATELAS","Modatelas","MOD041014KI3","SANJUANDELRIO",71467573,,,"CUAD-BROADSOFT"
"MODATELAS","Modatelas","MOD041014KI3","ECATEPECIII",71467572,,,"CUAD-BROADSOFT"
"MODATELAS","Modatelas","MOD041014KI3","ZIHUATANEJOII",71467571,,,"CUAD-BROADSOFT"
"MODATELAS","Modatelas","MOD041014KI3","CDCONSTITUCION",71467570,,,"CUAD-BROADSOFT"
"MODATELAS","Modatelas","MOD041014KI3","LOSREYESMICH",71467569,,,"CUAD-BROADSOFT"
"MODATELAS","Modatelas","MOD041014KI3","TIJUANAVII",71467568,,,"CUAD-BROADSOFT"
"MODATELAS","Modatelas","MOD041014KI3","MONTERREYIX ESCOBEDO",71467567,,,"CUAD-BROADSOFT"
"MODATELAS","Modatelas","MOD041014KI3","CDHIDALGO",71467565,,,"CUAD-BROADSOFT"
"MODATELAS","Modatelas","MOD041014KI3","SANLUISRIOCOLORADO",71467564,,,"CUAD-BROADSOFT"
"MODATELAS","Modatelas","MOD041014KI3","JEREZ ZACATECAS",71467562,,,"CUAD-BROADSOFT"
"MODATELAS","Modatelas","MOD041014KI3","MERIDAIV",71467561,,,"CUAD-BROADSOFT"
"MODATELAS","Modatelas","MOD041014KI3","MAZATLANIII",71467560,,,"CUAD-BROADSOFT"
"MODATELAS","Modatelas","MOD041014KI3","MAZATLANII",71467559,,,"CUAD-BROADSOFT"
"MODATELAS","Modatelas","MOD041014KI3","NOGALES",71467558,,,"CUAD-BROADSOFT"
"MODATELAS","Modatelas","MOD041014KI3","NAVOJOA",71467557,,,"CUAD-BROADSOFT"
"MODATELAS","Modatelas","MOD041014KI3","LAPAZII",71467556,,,"CUAD-BROADSOFT"
"MODATELAS","Modatelas","MOD041014KI3","LAPAZ",71467555,,,"CUAD-BROADSOFT"
"MODATELAS","Modatelas","MOD041014KI3","LOSCABOS",71467554,,,"CUAD-BROADSOFT"
"MODATELAS","Modatelas","MOD041014KI3","GUASAVE",71467553,,,"CUAD-BROADSOFT"
"MODATELAS","Modatelas","MOD041014KI3","HERMOSILLO",71467552,,,"CUAD-BROADSOFT"
"MODATELAS","Modatelas","MOD041014KI3","CULIACANIII",71467551,,,"CUAD-BROADSOFT"
"MODATELAS","Modatelas","MOD041014KI3","LOSMOCHIS",71467550,,,"CUAD-BROADSOFT"
"MODATELAS","Modatelas","MOD041014KI3","CDOBREGON",71467549,,,"CUAD-BROADSOFT"
"MODATELAS","Modatelas","MOD041014KI3","CULIACANI",71467548,,,"CUAD-BROADSOFT"
"MODATELAS","Modatelas","MOD041014KI3","MAZATLAN",71467547,,,"CUAD-BROADSOFT"
"MODATELAS","Modatelas","MOD041014KI3","SANTIAGOPAPASQUIARO",71467546,,,"CUAD-BROADSOFT"
"MODATELAS","Modatelas","MOD041014KI3","MATAMOROSCOAHUILA",71467545,,,"CUAD-BROADSOFT"
"MODATELAS","Modatelas","MOD041014KI3","TORREONII",71467544,,,"CUAD-BROADSOFT"
"MODATELAS","Modatelas","MOD041014KI3","CDCAMARGO",71467543,,,"CUAD-BROADSOFT"
"MODATELAS","Modatelas","MOD041014KI3","SANPEDRODELASCOLONIAS",71467542,,,"CUAD-BROADSOFT"
"MODATELAS","Modatelas","MOD041014KI3","CHIHUAHUAIII",71467541,,,"CUAD-BROADSOFT"
"MODATELAS","Modatelas","MOD041014KI3","CDCUAUHTEMOC",71467540,,,"CUAD-BROADSOFT"
"MODATELAS","Modatelas","MOD041014KI3","CHIHUAHUA",71467539,,,"CUAD-BROADSOFT"
"MODATELAS","Modatelas","MOD041014KI3","PARRAL",71467538,,,"CUAD-BROADSOFT"
"MODATELAS","Modatelas","MOD041014KI3","DURANGO",71467537,,,"CUAD-BROADSOFT"
"MODATELAS","Modatelas","MOD041014KI3","GOMEZPALACIO",71467536,,,"CUAD-BROADSOFT"
"MODATELAS","Modatelas","MOD041014KI3","TORREON",71467535,,,"CUAD-BROADSOFT"
"MODATELAS","Modatelas","MOD041014KI3","CDJUAREZIII",71467534,,,"CUAD-BROADSOFT"
"MODATELAS","Modatelas","MOD041014KI3","CD JUAREZ II",71467533,,,"CUAD-BROADSOFT"
"MODATELAS","Modatelas","MOD041014KI3","CD JUAREZ",71467532,,,"CUAD-BROADSOFT"
"MODATELAS","Modatelas","MOD041014KI3","SANMARTINTEXMELUCAN PUE",71467531,,,"CUAD-BROADSOFT"
"MODATELAS","Modatelas","MOD041014KI3","ZACATLANII",71467530,,,"CUAD-BROADSOFT"
"MODATELAS","Modatelas","MOD041014KI3","ZACUALTIPAN",71467529,,,"CUAD-BROADSOFT"
"MODATELAS","Modatelas","MOD041014KI3","SANMARTINTEXMELUCAN",71467528,,,"CUAD-BROADSOFT"
"MODATELAS","Modatelas","MOD041014KI3","VERACRUZIII",71467518,,,"CUAD-BROADSOFT"
"MODATELAS","Modatelas","MOD041014KI3","HUEJUTLA",71467517,,,"CUAD-BROADSOFT"
"MODATELAS","Modatelas","MOD041014KI3","TEHUACANII",71467516,,,"CUAD-BROADSOFT"
"MODATELAS","Modatelas","MOD041014KI3","MARTINEZDELATORRE",71467515,,,"CUAD-BROADSOFT"
"MODATELAS","Modatelas","MOD041014KI3","TEZIUTLAN",71467514,,,"CUAD-BROADSOFT"
"MODATELAS","Modatelas","MOD041014KI3","ZACATLAN",71467513,,,"CUAD-BROADSOFT"
"MODATELAS","Modatelas","MOD041014KI3","CHOLULA",71467512,,,"CUAD-BROADSOFT"
"MODATELAS","Modatelas","MOD041014KI3","IZUCARDEMATAMOROS",71467511,,,"CUAD-BROADSOFT"
"MODATELAS","Modatelas","MOD041014KI3","MINATITLAN",71467510,,,"CUAD-BROADSOFT"
"MODATELAS","Modatelas","MOD041014KI3","TULA",71467509,,,"CUAD-BROADSOFT"
"MODATELAS","Modatelas","MOD041014KI3","TLAXCALA",71467508,,,"CUAD-BROADSOFT"
"MODATELAS","Modatelas","MOD041014KI3","COATZACOALCOS",71467507,,,"CUAD-BROADSOFT"
"MODATELAS","Modatelas","MOD041014KI3","TEHUACAN",71467506,,,"CUAD-BROADSOFT"
"MODATELAS","Modatelas","MOD041014KI3","PUEBLAII",71467505,,,"CUAD-BROADSOFT"
"MODATELAS","Modatelas","MOD041014KI3","TULANCINGO",71467504,,,"CUAD-BROADSOFT"
"MODATELAS","Modatelas","MOD041014KI3","JALAPA",71467503,,,"CUAD-BROADSOFT"
"MODATELAS","Modatelas","MOD041014KI3","CD MENDOZA",71467502,,,"CUAD-BROADSOFT"
"MODATELAS","Modatelas","MOD041014KI3","PUEBLA",71467501,,,"CUAD-BROADSOFT"
"MODATELAS","Modatelas","MOD041014KI3","VERACRUZ",71467500,,,"CUAD-BROADSOFT"
"MODATELAS","Modatelas","MOD041014KI3","TUXTEPEC",71467499,,,"CUAD-BROADSOFT"
"MODATELAS","Modatelas","MOD041014KI3","CORDOBA",71467498,,,"CUAD-BROADSOFT"
"MODATELAS","Modatelas","MOD041014KI3","PACHUCA",71467497,,,"CUAD-BROADSOFT"
"MODATELAS","Modatelas","MOD041014KI3","POZARICA",71467496,,,"CUAD-BROADSOFT"
"MODATELAS","Modatelas","MOD041014KI3","ORIZABA",71467495,,,"CUAD-BROADSOFT"
"MODATELAS","Modatelas","MOD041014KI3","ZACATECAS",71467494,,,"CUAD-BROADSOFT"
"MODATELAS","Modatelas","MOD041014KI3","RIOGRANDE",71467493,,,"CUAD-BROADSOFT"
"MODATELAS","Modatelas","MOD041014KI3","TESISTAN",71467492,,,"CUAD-BROADSOFT"
"MODATELAS","Modatelas","MOD041014KI3","AGUASCALIENTESVI",71467491,,,"CUAD-BROADSOFT"
"MODATELAS","Modatelas","MOD041014KI3","CALVILLO",71467490,,,"CUAD-BROADSOFT"
"MODATELAS","Modatelas","MOD041014KI3","AGUASCALIENTESV",71467489,,,"CUAD-BROADSOFT"
"MODATELAS","Modatelas","MOD041014KI3","AMECAJALISCO",71467488,,,"CUAD-BROADSOFT"
"MODATELAS","Modatelas","MOD041014KI3","ELSALTOJALISCO",71467487,,,"CUAD-BROADSOFT"
"MODATELAS","Modatelas","MOD041014KI3","GUADALUPEZACATECAS",71467486,,,"CUAD-BROADSOFT"
"MODATELAS","Modatelas","MOD041014KI3","GUADALAJARAVII",71467485,,,"CUAD-BROADSOFT"
"MODATELAS","Modatelas","MOD041014KI3","AGUASCALIENTESIV",71467484,,,"CUAD-BROADSOFT"
"MODATELAS","Modatelas","MOD041014KI3","GUADALAJARAV",71467483,,,"CUAD-BROADSOFT"
"MODATELAS","Modatelas","MOD041014KI3","ZAPOPAN",71467482,,,"CUAD-BROADSOFT"
"MODATELAS","Modatelas","MOD041014KI3","CDGUZMAN",71467481,,,"CUAD-BROADSOFT"
"MODATELAS","Modatelas","MOD041014KI3","FANTASYTEPIC",71467480,,,"CUAD-BROADSOFT"
"MODATELAS","Modatelas","MOD041014KI3","PUERTOVALLARTA",71467479,,,"CUAD-BROADSOFT"
"MODATELAS","Modatelas","MOD041014KI3","NUEVOVALLARTA",71467478,,,"CUAD-BROADSOFT"
"MODATELAS","Modatelas","MOD041014KI3","TLAJOMULCO",71467477,,,"CUAD-BROADSOFT"
"MODATELAS","Modatelas","MOD041014KI3","FANTASY2 AGS",71467476,,,"CUAD-BROADSOFT"
"MODATELAS","Modatelas","MOD041014KI3","TLAQUEPAQUE",71467475,,,"CUAD-BROADSOFT"
"MODATELAS","Modatelas","MOD041014KI3","TECOMAN",71467474,,,"CUAD-BROADSOFT"
"MODATELAS","Modatelas","MOD041014KI3","MANZANILLO",71467473,,,"CUAD-BROADSOFT"
"MODATELAS","Modatelas","MOD041014KI3","OCOTLAN",71467472,,,"CUAD-BROADSOFT"
"MODATELAS","Modatelas","MOD041014KI3","GUADALAJARAIV",71467460,,,"CUAD-BROADSOFT"
"MODATELAS","Modatelas","MOD041014KI3","GUADALAJARAIII",71467459,,,"CUAD-BROADSOFT"
"MODATELAS","Modatelas","MOD041014KI3","FRESNILLO",71467457,,,"CUAD-BROADSOFT"
"MODATELAS","Modatelas","MOD041014KI3","AGUASCALIENTESII",71467456,,,"CUAD-BROADSOFT"
"MODATELAS","Modatelas","MOD041014KI3","AGUASCALIENTESI",71467455,,,"CUAD-BROADSOFT"
"MODATELAS","Modatelas","MOD041014KI3","TEPIC",71467454,,,"CUAD-BROADSOFT"
"MODATELAS","Modatelas","MOD041014KI3","ZACATECAS",71467453,,,"CUAD-BROADSOFT"
"MODATELAS","Modatelas","MOD041014KI3","GUADALAJARAI",71467452,,,"CUAD-BROADSOFT"
"MODATELAS","Modatelas","MOD041014KI3","COLIMA",71467451,,,"CUAD-BROADSOFT"
"MODATELAS","Modatelas","MOD041014KI3","ZACAPU MUCHOACAN",71467450,,,"CUAD-BROADSOFT"
"MODATELAS","Modatelas","MOD041014KI3","SANLUISPOTOSI",71467449,,,"CUAD-BROADSOFT"
"MODATELAS","Modatelas","MOD041014KI3","TEPALCATEPEC",71467448,,,"CUAD-BROADSOFT"
"MODATELAS","Modatelas","MOD041014KI3","TANGANCICUARO",71467447,,,"CUAD-BROADSOFT"
"MODATELAS","Modatelas","MOD041014KI3","MATEHUALA",71467446,,,"CUAD-BROADSOFT"
"MODATELAS","Modatelas","MOD041014KI3","RIOVERDE",71467445,,,"CUAD-BROADSOFT"
"MODATELAS","Modatelas","MOD041014KI3","LAZAROCARDENAS",71467443,,,"CUAD-BROADSOFT"
"MODATELAS","Modatelas","MOD041014KI3","FANTASYMORELIA",71467442,,,"CUAD-BROADSOFT"
"MODATELAS","Modatelas","MOD041014KI3","LEONVI",71467441,,,"CUAD-BROADSOFT"
"MODATELAS","Modatelas","MOD041014KI3","SLPIII",71467440,,,"CUAD-BROADSOFT"
"MODATELAS","Modatelas","MOD041014KI3","FANTASYLEON POLIFORUM",71467439,,,"CUAD-BROADSOFT"
"MODATELAS","Modatelas","MOD041014KI3","TEQUISQUIAPAN",71467438,,,"CUAD-BROADSOFT"
"MODATELAS","Modatelas","MOD041014KI3","DOLORESHIDALGO",71467437,,,"CUAD-BROADSOFT"
"MODATELAS","Modatelas","MOD041014KI3","TAMAZUNCHALE",71467436,,,"CUAD-BROADSOFT"
"MODATELAS","Modatelas","MOD041014KI3","VALLEDESANTIAGO",71467435,,,"CUAD-BROADSOFT"
"MODATELAS","Modatelas","MOD041014KI3","SILAO",71467434,,,"CUAD-BROADSOFT"
"MODATELAS","Modatelas","MOD041014KI3","MOROLEON",71467433,,,"CUAD-BROADSOFT"
"MODATELAS","Modatelas","MOD041014KI3","IRAPUATOII",71467432,,,"CUAD-BROADSOFT"
"MODATELAS","Modatelas","MOD041014KI3","PURUANDIRO",71467431,,,"CUAD-BROADSOFT"
"MODATELAS","Modatelas","MOD041014KI3","LEONIV",71467430,,,"CUAD-BROADSOFT"
"MODATELAS","Modatelas","MOD041014KI3","SALVATIERRA",71467429,,,"CUAD-BROADSOFT"
"MODATELAS","Modatelas","MOD041014KI3","CD VALLES",71467428,,,"CUAD-BROADSOFT"
"MODATELAS","Modatelas","MOD041014KI3","MARAVATIO",71467427,,,"CUAD-BROADSOFT"
"MODATELAS","Modatelas","MOD041014KI3","FANTASY3 CEL",71467426,,,"CUAD-BROADSOFT"
"MODATELAS","Modatelas","MOD041014KI3","APATZINGAN",71467425,,,"CUAD-BROADSOFT"
"MODATELAS","Modatelas","MOD041014KI3","LEONIII",71467424,,,"CUAD-BROADSOFT"
"MODATELAS","Modatelas","MOD041014KI3","SANLUISPOTOSIII",71467423,,,"CUAD-BROADSOFT"
"MODATELAS","Modatelas","MOD041014KI3","LEONII",71467422,,,"CUAD-BROADSOFT"
"MODATELAS","Modatelas","MOD041014KI3","SANJUANDELRIO",71467421,,,"CUAD-BROADSOFT"
"MODATELAS","Modatelas","MOD041014KI3","CELAYAII",71467420,,,"CUAD-BROADSOFT"
"MODATELAS","Modatelas","MOD041014KI3","SAHUAYOII",71467419,,,"CUAD-BROADSOFT"
"MODATELAS","Modatelas","MOD041014KI3","QUERETAROIII",71467418,,,"CUAD-BROADSOFT"
"MODATELAS","Modatelas","MOD041014KI3","ACAMBARO",71467417,,,"CUAD-BROADSOFT"
"MODATELAS","Modatelas","MOD041014KI3","QUERETAROII",71467416,,,"CUAD-BROADSOFT"
"MODATELAS","Modatelas","MOD041014KI3","SALAMANCA",71467415,,,"CUAD-BROADSOFT"
"MODATELAS","Modatelas","MOD041014KI3","IRAPUATO",71467414,,,"CUAD-BROADSOFT"
"MODATELAS","Modatelas","MOD041014KI3","LAPIEDAD",71467413,,,"CUAD-BROADSOFT"
"MODATELAS","Modatelas","MOD041014KI3","SANFRANCISCODELRINCON",71467412,,,"CUAD-BROADSOFT"
"MODATELAS","Modatelas","MOD041014KI3","SANLUISPOTOSI",71467411,,,"CUAD-BROADSOFT"
"MODATELAS","Modatelas","MOD041014KI3","SAHUAYO",71467410,,,"CUAD-BROADSOFT"
"MODATELAS","Modatelas","MOD041014KI3","ZITACUARO",71467409,,,"CUAD-BROADSOFT"
"MODATELAS","Modatelas","MOD041014KI3","URUAPAN",71467401,,,"CUAD-BROADSOFT"
"MODATELAS","Modatelas","MOD041014KI3","MORELIA",71467400,,,"CUAD-BROADSOFT"
"MODATELAS","Modatelas","MOD041014KI3","LEON",71467399,,,"CUAD-BROADSOFT"
"MODATELAS","Modatelas","MOD041014KI3","CELAYAI",71467395,,,"CUAD-BROADSOFT"
"MODATELAS","Modatelas","MOD041014KI3","QUERETARO",71467394,,,"CUAD-BROADSOFT"
"MODATELAS","Modatelas","MOD041014KI3","ZACAPU",71467392,,,"CUAD-BROADSOFT"
"MODATELAS","Modatelas","MOD041014KI3","ZAMORA",71467391,,,"CUAD-BROADSOFT"
"MODATELAS","Modatelas","MOD041014KI3","MONTERREYX",71467390,,,"CUAD-BROADSOFT"
"MODATELAS","Modatelas","MOD041014KI3","MONTERREYVIII PLAZA SAN MIGUEL",71467389,,,"CUAD-BROADSOFT"
"MODATELAS","Modatelas","MOD041014KI3","MONCLOVAII",71467388,,,"CUAD-BROADSOFT"
"MODATELAS","Modatelas","MOD041014KI3","NUEVOLAREDOII",71467387,,,"CUAD-BROADSOFT"
"MODATELAS","Modatelas","MOD041014KI3","SALTILLOIII",71467386,,,"CUAD-BROADSOFT"
"MODATELAS","Modatelas","MOD041014KI3","FANTASY5 MTY",71467385,,,"CUAD-BROADSOFT"
"MODATELAS","Modatelas","MOD041014KI3","FANTASY4 TAM",71467384,,,"CUAD-BROADSOFT"
"MODATELAS","Modatelas","MOD041014KI3","SALTILLOII",71467383,,,"CUAD-BROADSOFT"
"MODATELAS","Modatelas","MOD041014KI3","MONTERREYVI",71467382,,,"CUAD-BROADSOFT"
"MODATELAS","Modatelas","MOD041014KI3","NUEVOLAREDO",71467381,,,"CUAD-BROADSOFT"
"MODATELAS","Modatelas","MOD041014KI3","CDVICTORIA",71467380,,,"CUAD-BROADSOFT"
"MODATELAS","Modatelas","MOD041014KI3","MONCLOVA",71467379,,,"CUAD-BROADSOFT"
"MODATELAS","Modatelas","MOD041014KI3","SANTACATARINA",71467378,,,"CUAD-BROADSOFT"
"MODATELAS","Modatelas","MOD041014KI3","MONTERREYV",71467377,,,"CUAD-BROADSOFT"
"MODATELAS","Modatelas","MOD041014KI3","MONTERREYIV",71467376,,,"CUAD-BROADSOFT"
"MODATELAS","Modatelas","MOD041014KI3","TAMPICOII",71467375,,,"CUAD-BROADSOFT"
"MODATELAS","Modatelas","MOD041014KI3","SALTILLO",71467374,,,"CUAD-BROADSOFT"
"MODATELAS","Modatelas","MOD041014KI3","MONTERREYIII",71467373,,,"CUAD-BROADSOFT"
"MODATELAS","Modatelas","MOD041014KI3","CD MADERO",71467372,,,"CUAD-BROADSOFT"
"MODATELAS","Modatelas","MOD041014KI3","TAMPICOI",71467371,,,"CUAD-BROADSOFT"
"MODATELAS","Modatelas","MOD041014KI3","MONTERREYI",71467370,,,"CUAD-BROADSOFT"
"MODATELAS","Modatelas","MOD041014KI3","PALENQUE CHIAPAS",71467369,,,"CUAD-BROADSOFT"
"MODATELAS","Modatelas","MOD041014KI3","CD DEL CARMEN",71467368,,,"CUAD-BROADSOFT"
"MODATELAS","Modatelas","MOD041014KI3","OAXACA",71467367,,,"CUAD-BROADSOFT"
"MODATELAS","Modatelas","MOD041014KI3","CAMPECHE",71467366,,,"CUAD-BROADSOFT"
"MODATELAS","Modatelas","MOD041014KI3","VILLAHERMOSA",71467365,,,"CUAD-BROADSOFT"
"MODATELAS","Modatelas","MOD041014KI3","CHAMPOTON",71467364,,,"CUAD-BROADSOFT"
"MODATELAS","Modatelas","MOD041014KI3","TUXTLAIII",71467363,,,"CUAD-BROADSOFT"
"MODATELAS","Modatelas","MOD041014KI3","CINTALAPA",71467362,,,"CUAD-BROADSOFT"
"MODATELAS","Modatelas","MOD041014KI3","TENOSIQUE",71467361,,,"CUAD-BROADSOFT"
"MODATELAS","Modatelas","MOD041014KI3","CANCUN4 PLAZA HEROES",71467360,,,"CUAD-BROADSOFT"
"MODATELAS","Modatelas","MOD041014KI3","MERIDAVI",71467359,,,"CUAD-BROADSOFT"
"MODATELAS","Modatelas","MOD041014KI3","CANCUNIII KAHBA",71467358,,,"CUAD-BROADSOFT"
"MODATELAS","Modatelas","MOD041014KI3","MERIDAV",71467357,,,"CUAD-BROADSOFT"
"MODATELAS","Modatelas","MOD041014KI3","OCOSINGO",71467356,,,"CUAD-BROADSOFT"
"MODATELAS","Modatelas","MOD041014KI3","COMALAPA",71467355,,,"CUAD-BROADSOFT"
"MODATELAS","Modatelas","MOD041014KI3","OAXACAIV",71467354,,,"CUAD-BROADSOFT"
"MODATELAS","Modatelas","MOD041014KI3","COMITAN",71467353,,,"CUAD-BROADSOFT"
"MODATELAS","Modatelas","MOD041014KI3","PLAYADELCARMENII",71467352,,,"CUAD-BROADSOFT"
"MODATELAS","Modatelas","MOD041014KI3","FANTASYCANCUN",71467351,,,"CUAD-BROADSOFT"
"MODATELAS","Modatelas","MOD041014KI3","MERIDAII",71467350,,,"CUAD-BROADSOFT"
"MODATELAS","Modatelas","MOD041014KI3","TAPACHULAII",71467349,,,"CUAD-BROADSOFT"
"MODATELAS","Modatelas","MOD041014KI3","PINOTEPA",71467348,,,"CUAD-BROADSOFT"
"MODATELAS","Modatelas","MOD041014KI3","HUIXTLA",71467347,,,"CUAD-BROADSOFT"
"MODATELAS","Modatelas","MOD041014KI3","MACUSPANA",71467346,,,"CUAD-BROADSOFT"
"MODATELAS","Modatelas","MOD041014KI3","PLAYADELCARMEN",71467345,,,"CUAD-BROADSOFT"
"MODATELAS","Modatelas","MOD041014KI3","MIAHUATLAN",71467344,,,"CUAD-BROADSOFT"
"MODATELAS","Modatelas","MOD041014KI3","OAXACAIII",71467343,,,"CUAD-BROADSOFT"
"MODATELAS","Modatelas","MOD041014KI3","CHETUMAL",71467342,,,"CUAD-BROADSOFT"
"MODATELAS","Modatelas","MOD041014KI3","SANCRISTOBALDELASCASAS",71467341,,,"CUAD-BROADSOFT"
"MODATELAS","Modatelas","MOD041014KI3","JUCHITAN",71467340,,,"CUAD-BROADSOFT"
"MODATELAS","Modatelas","MOD041014KI3","MUNDOMAYA",71467339,,,"CUAD-BROADSOFT"
"MODATELAS","Modatelas","MOD041014KI3","FANTASY1 OAX",71467338,,,"CUAD-BROADSOFT"
"MODATELAS","Modatelas","MOD041014KI3","TAPACHULA",71467337,,,"CUAD-BROADSOFT"
"MODATELAS","Modatelas","MOD041014KI3","COZUMEL",71467336,,,"CUAD-BROADSOFT"
"MODATELAS","Modatelas","MOD041014KI3","CANCUN",71467335,,,"CUAD-BROADSOFT"
"MODATELAS","Modatelas","MOD041014KI3","VILLAHERMOSAII",71467334,,,"CUAD-BROADSOFT"
"MODATELAS","Modatelas","MOD041014KI3","CARDENAS",71467333,,,"CUAD-BROADSOFT"
"MODATELAS","Modatelas","MOD041014KI3","MERIDA",71467332,,,"CUAD-BROADSOFT"
"MODATELAS","Modatelas","MOD041014KI3","COMALCALCO",71467331,,,"CUAD-BROADSOFT"
"MODATELAS","Modatelas","MOD041014KI3","TUXTLAGTZ II",71467330,,,"CUAD-BROADSOFT"
"MODATELAS","Modatelas","MOD041014KI3","CD DEL CARMEN",71467329,,,"CUAD-BROADSOFT"
"MODATELAS","Modatelas","MOD041014KI3","CAMPECHE",71467328,,,"CUAD-BROADSOFT"
"MODATELAS","Modatelas","MOD041014KI3","TUXTLAGTZ I",71467327,,,"CUAD-BROADSOFT"
"MODATELAS","Modatelas","MOD041014KI3","VILLAHERMOSAI",71467326,,,"CUAD-BROADSOFT"
"MODATELAS","Modatelas","MOD041014KI3","OAXACA",71467325,,,"CUAD-BROADSOFT"
"MODATELAS","Modatelas","MOD041014KI3","JIUTEPEC",71467324,,,"CUAD-BROADSOFT"
"MODATELAS","Modatelas","MOD041014KI3","ACAPULCOVII",71467323,,,"CUAD-BROADSOFT"
"MODATELAS","Modatelas","MOD041014KI3","ACAPULCOVI",71467322,,,"CUAD-BROADSOFT"
"MODATELAS","Modatelas","MOD041014KI3","IGUALA",71467321,,,"CUAD-BROADSOFT"
"MODATELAS","Modatelas","MOD041014KI3","CUERNAVACAIII",71467320,,,"CUAD-BROADSOFT"
"MODATELAS","Modatelas","MOD041014KI3","ZIHUATANEJO",71467319,,,"CUAD-BROADSOFT"
"MODATELAS","Modatelas","MOD041014KI3","BODEGADEMERCERIA ACAPULCO",71467318,,,"CUAD-BROADSOFT"
"MODATELAS","Modatelas","MOD041014KI3","ACAPULCOIV",71467317,,,"CUAD-BROADSOFT"
"MODATELAS","Modatelas","MOD041014KI3","ACAPULCOIII",71467316,,,"CUAD-BROADSOFT"
"MODATELAS","Modatelas","MOD041014KI3","CUERNAVACAII",71467315,,,"CUAD-BROADSOFT"
"MODATELAS","Modatelas","MOD041014KI3","ACAPULCOII",71467314,,,"CUAD-BROADSOFT"
"MODATELAS","Modatelas","MOD041014KI3","TEMIXCO",71467313,,,"CUAD-BROADSOFT"
"MODATELAS","Modatelas","MOD041014KI3","CHILPANCINGO",71467312,,,"CUAD-BROADSOFT"
"MODATELAS","Modatelas","MOD041014KI3","CUERNAVACA",71467311,,,"CUAD-BROADSOFT"
"MODATELAS","Modatelas","MOD041014KI3","ACAPULCO",71467310,,,"CUAD-BROADSOFT"
"MODATELAS","Modatelas","MOD041014KI3","CUAUTLA",71467309,,,"CUAD-BROADSOFT"
"MODATELAS","Modatelas","MOD041014KI3","TLALNEPANTLAIII",71467308,,,"CUAD-BROADSOFT"
"MODATELAS","Modatelas","MOD041014KI3","LAAURORA",71467307,,,"CUAD-BROADSOFT"
"MODATELAS","Modatelas","MOD041014KI3","CHIMALHUACANIII LOS PATOS",71467306,,,"CUAD-BROADSOFT"
"MODATELAS","Modatelas","MOD041014KI3","TICOMAN",71467305,,,"CUAD-BROADSOFT"
"MODATELAS","Modatelas","MOD041014KI3","ZUMPANGOI",71467304,,,"CUAD-BROADSOFT"
"MODATELAS","Modatelas","MOD041014KI3","VISITACION MELCHOR OCAMPO",71467303,,,"CUAD-BROADSOFT"
"MODATELAS","Modatelas","MOD041014KI3","TEPOTZOTLAN",71467302,,,"CUAD-BROADSOFT"
"MODATELAS","Modatelas","MOD041014KI3","TENANCINGO",71467301,,,"CUAD-BROADSOFT"
"MODATELAS","Modatelas","MOD041014KI3","VALLEDEBRAVO",71467300,,,"CUAD-BROADSOFT"
"MODATELAS","Modatelas","MOD041014KI3","IXTAPALUCAII",71467299,,,"CUAD-BROADSOFT"
"MODATELAS","Modatelas","MOD041014KI3","COACALCOIII",71467298,,,"CUAD-BROADSOFT"
"MODATELAS","Modatelas","MOD041014KI3","TOLUCAV",71467297,,,"CUAD-BROADSOFT"
"MODATELAS","Modatelas","MOD041014KI3","TOLUCAV",71467288,,,"CUAD-BROADSOFT"
"MODATELAS","Modatelas","MOD041014KI3","VENUSTIANOCARRANZA CENTRO",71467287,,,"CUAD-BROADSOFT"
"MODATELAS","Modatelas","MOD041014KI3","SANTIAGOTIANGUISTENCO",71467286,,,"CUAD-BROADSOFT"
"MODATELAS","Modatelas","MOD041014KI3","ATLACOMULCOII",71467285,,,"CUAD-BROADSOFT"
"MODATELAS","Modatelas","MOD041014KI3","ERMITAII",71467284,,,"CUAD-BROADSOFT"
"MODATELAS","Modatelas","MOD041014KI3","CHALCOIII",71467283,,,"CUAD-BROADSOFT"
"MODATELAS","Modatelas","MOD041014KI3","CHALCOIIVALLE PLAZA SENDERO",71467282,,,"CUAD-BROADSOFT"
"MODATELAS","Modatelas","MOD041014KI3","TECAMACII",71467281,,,"CUAD-BROADSOFT"
"MODATELAS","Modatelas","MOD041014KI3","CUAUTITLANDEROMERORUBIO",71467280,,,"CUAD-BROADSOFT"
"MODATELAS","Modatelas","MOD041014KI3","PLAZACHIMALHUACAN",71467279,,,"CUAD-BROADSOFT"
"MODATELAS","Modatelas","MOD041014KI3","IZTAPALAPA",71467278,,,"CUAD-BROADSOFT"
"MODATELAS","Modatelas","MOD041014KI3","AMECAMECA",71467277,,,"CUAD-BROADSOFT"
"MODATELAS","Modatelas","MOD041014KI3","METEPEC",71467276,,,"CUAD-BROADSOFT"
"MODATELAS","Modatelas","MOD041014KI3","SANJERONIMO",71467275,,,"CUAD-BROADSOFT"
"MODATELAS","Modatelas","MOD041014KI3","NICOLASROMEROII",71467274,,,"CUAD-BROADSOFT"
"MODATELAS","Modatelas","MOD041014KI3","ZARAGOZA",71467273,,,"CUAD-BROADSOFT"
"MODATELAS","Modatelas","MOD041014KI3","LAGODEGUADALUPE",71467272,,,"CUAD-BROADSOFT"
"MODATELAS","Modatelas","MOD041014KI3","LASMARAVILLAS",71467271,,,"CUAD-BROADSOFT"
"MODATELAS","Modatelas","MOD041014KI3","ARAGON",71467270,,,"CUAD-BROADSOFT"
"MODATELAS","Modatelas","MOD041014KI3","TOLUCAIV",71467269,,,"CUAD-BROADSOFT"
"MODATELAS","Modatelas","MOD041014KI3","ATLACOMULCO",71467267,,,"CUAD-BROADSOFT"
"MODATELAS","Modatelas","MOD041014KI3","XOCHIMILCO",71467266,,,"CUAD-BROADSOFT"
"MODATELAS","Modatelas","MOD041014KI3","CUAUTITLANIZCALLI",71467265,,,"CUAD-BROADSOFT"
"MODATELAS","Modatelas","MOD041014KI3","SANMATEOATENCO",71467264,,,"CUAD-BROADSOFT"
"MODATELAS","Modatelas","MOD041014KI3","ZUMPANGO",71467263,,,"CUAD-BROADSOFT"
"MODATELAS","Modatelas","MOD041014KI3","TECAMAC",71467262,,,"CUAD-BROADSOFT"
"MODATELAS","Modatelas","MOD041014KI3","ECATEPECII",71467261,,,"CUAD-BROADSOFT"
"MODATELAS","Modatelas","MOD041014KI3","IXTAPALUCA",71467260,,,"CUAD-BROADSOFT"
"MODATELAS","Modatelas","MOD041014KI3","CASASALEMAN",71467259,,,"CUAD-BROADSOFT"
"MODATELAS","Modatelas","MOD041014KI3","AJUSCO",71467258,,,"CUAD-BROADSOFT"
"MODATELAS","Modatelas","MOD041014KI3","TACUBA",71467257,,,"CUAD-BROADSOFT"
"MODATELAS","Modatelas","MOD041014KI3","CHIMALHUACAN",71467256,,,"CUAD-BROADSOFT"
"MODATELAS","Modatelas","MOD041014KI3","TACUBAYA",71467255,,,"CUAD-BROADSOFT"
"MODATELAS","Modatelas","MOD041014KI3","TOLUCAIII",71467254,,,"CUAD-BROADSOFT"
"MODATELAS","Modatelas","MOD041014KI3","ATIZAPAN",71467253,,,"CUAD-BROADSOFT"
"MODATELAS","Modatelas","MOD041014KI3","GUSTAVOBAZ",71467250,,,"CUAD-BROADSOFT"
"MODATELAS","Modatelas","MOD041014KI3","ECATEPEC",71467249,,,"CUAD-BROADSOFT"
"MODATELAS","Modatelas","MOD041014KI3","CUAJIMALPA",71467248,,,"CUAD-BROADSOFT"
"MODATELAS","Modatelas","MOD041014KI3","TULTITLAN",71467247,,,"CUAD-BROADSOFT"
"MODATELAS","Modatelas","MOD041014KI3","LOSREYES",71467246,,,"CUAD-BROADSOFT"
"MODATELAS","Modatelas","MOD041014KI3","ACOXPA",71467245,,,"CUAD-BROADSOFT"
"MODATELAS","Modatelas","MOD041014KI3","COAPA",71467244,,,"CUAD-BROADSOFT"
"MODATELAS","Modatelas","MOD041014KI3","REVOLUCION",71467243,,,"CUAD-BROADSOFT"
"MODATELAS","Modatelas","MOD041014KI3","ERMITA",71467242,,,"CUAD-BROADSOFT"
"MODATELAS","Modatelas","MOD041014KI3","CHALCO",71467240,,,"CUAD-BROADSOFT"
"MODATELAS","Modatelas","MOD041014KI3","TLALNEPANTLA",71467239,,,"CUAD-BROADSOFT"
"MODATELAS","Modatelas","MOD041014KI3","TEXCOCO",71467238,,,"CUAD-BROADSOFT"
"MODATELAS","Modatelas","MOD041014KI3","TOLUCA",71467237,,,"CUAD-BROADSOFT"
"MODATELAS","Modatelas","MOD041014KI3","CENTRODEDISTRIBUCIONTOLUCA",71467235,,,"CUAD-BROADSOFT"
"MODATELAS","Modatelas","MOD041014KI3","MODATELAS TOLUCA SANTIN",71330711,,,"CUAD-BROADSOFT"
"MODATELAS","Modatelas","MOD041014KI3","MODATELAS CEDIS",71249079,,,"CUAD-BROADSOFT"
"LALA","LALA","LAC811016CFA","MACRO CEDIS AGUASCALIENTES",71690106,,,"CUAD-BROADSOFT"
"LALA","LALA","LAC811016CFA","LALA PLANTA MERIDA",70165767,,,"CUAD-BROADSOFT"
"LALA","LALA","LAC811016CFA","LALA GOMEZ PALACIO LA HUERTA",70135998,,,"CUAD-BROADSOFT"
"INSTITUTO ELECTORAL DEL ESTADO DE GUANAJUATO","INSTITUTO ELECTORAL DEL ESTADO DE GUANAJUATO","IEE9501159A9","IEEG SILAO 2018",71673654,,,"CUAD-BROADSOFT"
"INSTITUTO ELECTORAL DEL ESTADO DE GUANAJUATO","INSTITUTO ELECTORAL DEL ESTADO DE GUANAJUATO","IEE9501159A9","SAN MIGUEL DE ALLENDE",71648863,,,"CUAD-BROADSOFT"
"INSTITUTO ELECTORAL DEL ESTADO DE GUANAJUATO","INSTITUTO ELECTORAL DEL ESTADO DE GUANAJUATO","IEE9501159A9","2015 IEEG XICHU-71451765",71648849,,,"CUAD-BROADSOFT"
"INSTITUTO ELECTORAL DEL ESTADO DE GUANAJUATO","INSTITUTO ELECTORAL DEL ESTADO DE GUANAJUATO","IEE9501159A9","IEEG VALLE SANTIAGO 2018",71648834,,,"CUAD-BROADSOFT"
"INSTITUTO ELECTORAL DEL ESTADO DE GUANAJUATO","INSTITUTO ELECTORAL DEL ESTADO DE GUANAJUATO","IEE9501159A9","IEEG TARIMORO 2018",71648809,,,"CUAD-BROADSOFT"
"INSTITUTO ELECTORAL DEL ESTADO DE GUANAJUATO","INSTITUTO ELECTORAL DEL ESTADO DE GUANAJUATO","IEE9501159A9","IEEG STA CATARINA 2018",71648755,,,"CUAD-BROADSOFT"
"INSTITUTO ELECTORAL DEL ESTADO DE GUANAJUATO","INSTITUTO ELECTORAL DEL ESTADO DE GUANAJUATO","IEE9501159A9","IEEG SAN FELIPE 2018",71648506,,,"CUAD-BROADSOFT"
"INSTITUTO ELECTORAL DEL ESTADO DE GUANAJUATO","INSTITUTO ELECTORAL DEL ESTADO DE GUANAJUATO","IEE9501159A9","IEEG SALVATIERRA 2018",71648437,,,"CUAD-BROADSOFT"
"INSTITUTO ELECTORAL DEL ESTADO DE GUANAJUATO","INSTITUTO ELECTORAL DEL ESTADO DE GUANAJUATO","IEE9501159A9","IEEG ROMITA 2018",71648431,,,"CUAD-BROADSOFT"
"INSTITUTO ELECTORAL DEL ESTADO DE GUANAJUATO","INSTITUTO ELECTORAL DEL ESTADO DE GUANAJUATO","IEE9501159A9","IEEG PENJAMO 2018",71648403,,,"CUAD-BROADSOFT"
"INSTITUTO ELECTORAL DEL ESTADO DE GUANAJUATO","INSTITUTO ELECTORAL DEL ESTADO DE GUANAJUATO","IEE9501159A9","IEEG MOROLEON 2018",71648389,,,"CUAD-BROADSOFT"
"INSTITUTO ELECTORAL DEL ESTADO DE GUANAJUATO","INSTITUTO ELECTORAL DEL ESTADO DE GUANAJUATO","IEE9501159A9","IEEG MANUEL DOBLADO 2018",71648371,,,"CUAD-BROADSOFT"
"INSTITUTO ELECTORAL DEL ESTADO DE GUANAJUATO","INSTITUTO ELECTORAL DEL ESTADO DE GUANAJUATO","IEE9501159A9","IEEG JARAL DEL PROGRESO MPAL",71648305,,,"CUAD-BROADSOFT"
"INSTITUTO ELECTORAL DEL ESTADO DE GUANAJUATO","INSTITUTO ELECTORAL DEL ESTADO DE GUANAJUATO","IEE9501159A9","IEEG HUANIMARO 2018",71647918,,,"CUAD-BROADSOFT"
"INSTITUTO ELECTORAL DEL ESTADO DE GUANAJUATO","INSTITUTO ELECTORAL DEL ESTADO DE GUANAJUATO","IEE9501159A9","IEEG DOLORES HIDALGO 2018",71647912,,,"CUAD-BROADSOFT"
"INSTITUTO ELECTORAL DEL ESTADO DE GUANAJUATO","INSTITUTO ELECTORAL DEL ESTADO DE GUANAJUATO","IEE9501159A9","IEEG CUERAMARO 2018",71647897,,,"CUAD-BROADSOFT"
"INSTITUTO ELECTORAL DEL ESTADO DE GUANAJUATO","INSTITUTO ELECTORAL DEL ESTADO DE GUANAJUATO","IEE9501159A9","IEEG ABASOLO 2018",71647781,,,"CUAD-BROADSOFT"
"INSTITUTO ELECTORAL DEL ESTADO DE GUANAJUATO","INSTITUTO ELECTORAL DEL ESTADO DE GUANAJUATO","IEE9501159A9","VICTORIA -HIDALGO",71646337,,,"CUAD-BROADSOFT"
"INSTITUTO ELECTORAL DEL ESTADO DE GUANAJUATO","INSTITUTO ELECTORAL DEL ESTADO DE GUANAJUATO","IEE9501159A9","VILLAGRAN IEEG GTO",71646054,,,"CUAD-BROADSOFT"
"INSTITUTO ELECTORAL DEL ESTADO DE GUANAJUATO","INSTITUTO ELECTORAL DEL ESTADO DE GUANAJUATO","IEE9501159A9","IEEG SN FCO DEL RINCON AGS",71646051,,,"CUAD-BROADSOFT"
"INSTITUTO ELECTORAL DEL ESTADO DE GUANAJUATO","INSTITUTO ELECTORAL DEL ESTADO DE GUANAJUATO","IEE9501159A9","IEE SAN LUIS DE LA PAZ",71646046,,,"CUAD-BROADSOFT"
"INSTITUTO ELECTORAL DEL ESTADO DE GUANAJUATO","INSTITUTO ELECTORAL DEL ESTADO DE GUANAJUATO","IEE9501159A9","DOCTOR MORA IEEG",71646042,,,"CUAD-BROADSOFT"
"INSTITUTO ELECTORAL DEL ESTADO DE GUANAJUATO","INSTITUTO ELECTORAL DEL ESTADO DE GUANAJUATO","IEE9501159A9","IEEG TARANDACUAO GALEANA",71646015,,,"CUAD-BROADSOFT"
"INSTITUTO ELECTORAL DEL ESTADO DE GUANAJUATO","INSTITUTO ELECTORAL DEL ESTADO DE GUANAJUATO","IEE9501159A9","SANTIAGO MARAVATIO IEEG GTO",71645511,,,"CUAD-BROADSOFT"
"INSTITUTO ELECTORAL DEL ESTADO DE GUANAJUATO","INSTITUTO ELECTORAL DEL ESTADO DE GUANAJUATO","IEE9501159A9","SAN DIEGO DE LA UNION IEEG GTO",71645466,,,"CUAD-BROADSOFT"
"INSTITUTO ELECTORAL DEL ESTADO DE GUANAJUATO","INSTITUTO ELECTORAL DEL ESTADO DE GUANAJUATO","IEE9501159A9","PURISIMA DEL RINCON IEEG GTO",71645464,,,"CUAD-BROADSOFT"
"INSTITUTO ELECTORAL DEL ESTADO DE GUANAJUATO","INSTITUTO ELECTORAL DEL ESTADO DE GUANAJUATO","IEE9501159A9","JERECUARO IEEG GTO",71645461,,,"CUAD-BROADSOFT"
"INSTITUTO ELECTORAL DEL ESTADO DE GUANAJUATO","INSTITUTO ELECTORAL DEL ESTADO DE GUANAJUATO","IEE9501159A9","CORONEO IEEG GTO",71645457,,,"CUAD-BROADSOFT"
"INSTITUTO ELECTORAL DEL ESTADO DE GUANAJUATO","INSTITUTO ELECTORAL DEL ESTADO DE GUANAJUATO","IEE9501159A9","COMONFORT IEEG GTO",71645453,,,"CUAD-BROADSOFT"
"INSTITUTO ELECTORAL DEL ESTADO DE GUANAJUATO","INSTITUTO ELECTORAL DEL ESTADO DE GUANAJUATO","IEE9501159A9","2017 SITIO JUVENTINO ROSAS",71611303,,,"CUAD-BROADSOFT"
"INSTITUTO ELECTORAL DEL ESTADO DE GUANAJUATO","INSTITUTO ELECTORAL DEL ESTADO DE GUANAJUATO","IEE9501159A9","2015 IEEG SAN JOSE ITURBIDE",71451753,,,"CUAD-BROADSOFT"
"INSTITUTO ELECTORAL DEL ESTADO DE GUANAJUATO","INSTITUTO ELECTORAL DEL ESTADO DE GUANAJUATO","IEE9501159A9","2015 IEEG APASEO EL ALTO",71451733,,,"CUAD-BROADSOFT"
"INSTITUTO ELECTORAL DEL ESTADO DE GUANAJUATO","INSTITUTO ELECTORAL DEL ESTADO DE GUANAJUATO","IEE9501159A9","2015 IEEG TIERRA BLANCA",71445595,,,"CUAD-BROADSOFT"
"INSTITUTO ELECTORAL DEL ESTADO DE GUANAJUATO","INSTITUTO ELECTORAL DEL ESTADO DE GUANAJUATO","IEE9501159A9","2015 IEEG IRAPUATO",71442970,,,"CUAD-BROADSOFT"
"INSTITUTO ELECTORAL DEL ESTADO DE GUANAJUATO","INSTITUTO ELECTORAL DEL ESTADO DE GUANAJUATO","IEE9501159A9","2015 IEEG CELAYA",71442967,,,"CUAD-BROADSOFT"
"INSTITUTO ELECTORAL DEL ESTADO DE GUANAJUATO","INSTITUTO ELECTORAL DEL ESTADO DE GUANAJUATO","IEE9501159A9","2015 IEEG ACAMBARO",71442963,,,"CUAD-BROADSOFT"
"INSTITUTO ELECTORAL DEL ESTADO DE GUANAJUATO","INSTITUTO ELECTORAL DEL ESTADO DE GUANAJUATO","IEE9501159A9","IEEG URIANGATO 2009 FINAL",71311585,,,"CUAD-BROADSOFT"
"INSTITUTO ELECTORAL DEL ESTADO DE GUANAJUATO","INSTITUTO ELECTORAL DEL ESTADO DE GUANAJUATO","IEE9501159A9","IEEG APASEO EL GRANDE 2009",71311524,,,"CUAD-BROADSOFT"
"INSTITUTO ELECTORAL DEL ESTADO DE GUANAJUATO","INSTITUTO ELECTORAL DEL ESTADO DE GUANAJUATO","IEE9501159A9","IEEG GTO SALVATIERRA FCO I MADERO",71242081,,,"CUAD-BROADSOFT"
"INSTITUTO ELECTORAL DEL ESTADO DE GUANAJUATO","IEEG","IEE9501159A9","IEEG YURIRIA 2018",71648857,,,"CUAD-BROADSOFT"
"INSTITUTO ELECTORAL DEL ESTADO DE GUANAJUATO","IEEG","IEE9501159A9","IEEG SALAMANCA 2018",71648434,,,"CUAD-BROADSOFT"
"INSTITUTO ELECTORAL DEL ESTADO DE GUANAJUATO","IEEG","IEE9501159A9","IEEG PUEBLO NUEVO 2018",71648410,,,"CUAD-BROADSOFT"
"INSTITUTO ELECTORAL DEL ESTADO DE GUANAJUATO","IEEG","IEE9501159A9","IEEG LEON 2018",71648366,,,"CUAD-BROADSOFT"
"INSTITUTO ELECTORAL DEL ESTADO DE GUANAJUATO","IEEG","IEE9501159A9","IEEG CORTAZAR 2018",71647894,,,"CUAD-BROADSOFT"
"INSTITUTO ELECTORAL DEL ESTADO DE GUANAJUATO","IEEG","IEE9501159A9","GUANAJUATO II -YERBABUENA",71646395,,,"CUAD-BROADSOFT"
"INSTITUTO ELECTORAL DEL ESTADO DE GUANAJUATO","IEEG","IEE9501159A9","OCAMPO IEEG GTO",71645463,,,"CUAD-BROADSOFT"
"INSTITUTO ELECTORAL DEL ESTADO DE GUANAJUATO","IEEG","IEE9501159A9","PERMANENTE APASEO EL GRANDE",71460703,,,"CUAD-BROADSOFT"
"INSTITUTO ELECTORAL DEL ESTADO DE GUANAJUATO","IEEG","IEE9501159A9","2015 IEEG ATARJEA",71442966,,,"CUAD-BROADSOFT"
"IMSS","IMSS","IMS421231I45","2426 CIZ DF TOKIO 80 P B IDC MEXICO",70190770,,,"CUAD-BROADSOFT"
"GOBIERNO DEL DISTRITO FEDERAL","GDF","GDF9712054NA","JUAREZ",71468827,,,"CUAD-BROADSOFT"
"GOBIERNO DEL DISTRITO FEDERAL","GDF","GDF9712054NA","TIEMPO NUEVO",71468826,,,"CUAD-BROADSOFT"
"GOBIERNO DEL DISTRITO FEDERAL","GDF","GDF9712054NA","LA JOYA",71468823,,,"CUAD-BROADSOFT"
"GOBIERNO DEL DISTRITO FEDERAL","GDF","GDF9712054NA","COSCOMATE",71468822,,,"CUAD-BROADSOFT"
"GOBIERNO DEL DISTRITO FEDERAL","GDF","GDF9712054NA","CONGRESO 50 B",71468821,,,"CUAD-BROADSOFT"
"GOBIERNO DEL DISTRITO FEDERAL","GDF","GDF9712054NA","VIVANCO",71468820,,,"CUAD-BROADSOFT"
"GOBIERNO DEL DISTRITO FEDERAL","GDF","GDF9712054NA","SAN FERNANDO",71468819,,,"CUAD-BROADSOFT"
"GOBIERNO DEL DISTRITO FEDERAL","GDF","GDF9712054NA","SERVICIOS URBANOS",71468818,,,"CUAD-BROADSOFT"
"GOBIERNO DEL DISTRITO FEDERAL","GDF","GDF9712054NA","MUSEO TLALPAN",71468816,,,"CUAD-BROADSOFT"
"GOBIERNO DEL DISTRITO FEDERAL","GDF","GDF9712054NA","CASA FRISSAC",71468815,,,"CUAD-BROADSOFT"
"GOBIERNO DEL DISTRITO FEDERAL","GDF","GDF9712054NA","ALMACEN GENERAL",71468814,,,"CUAD-BROADSOFT"
"GOBIERNO DEL DISTRITO FEDERAL","GDF","GDF9712054NA","CONGRESO 296",71468813,,,"CUAD-BROADSOFT"
"GOBIERNO DEL DISTRITO FEDERAL","GDF","GDF9712054NA","VILLA OLIMPICA",71468812,,,"CUAD-BROADSOFT"
"GOBIERNO DEL DISTRITO FEDERAL","GDF","GDF9712054NA","CASA DE CULTURA",71468810,,,"CUAD-BROADSOFT"
"GOBIERNO DEL DISTRITO FEDERAL","GDF","GDF9712054NA","MATAMOROS",71468809,,,"CUAD-BROADSOFT"
"GOBIERNO DEL DISTRITO FEDERAL","GDF","GDF9712054NA","CONGRESO 50A",71468808,,,"CUAD-BROADSOFT"
"GOBIERNO DEL DISTRITO FEDERAL","GDF","GDF9712054NA","FLORESTA",71468806,,,"CUAD-BROADSOFT"
"GOBIERNO DEL DISTRITO FEDERAL","GDF","GDF9712054NA","SECRETARIA DE SEGURIDAD PUBLICA DEL DF",71461364,,,"CUAD-BROADSOFT"
"GOBIERNO DEL DISTRITO FEDERAL","GDF","GDF9712054NA","PLAZA DE LA CONSTITUCION",70149134,,,"CUAD-BROADSOFT"
"GOBIERNO DEL DISTRITO FEDERAL","GDF","GDF9712054NA","AZCAPOTZALCO",70006892,,,"CUAD-BROADSOFT"
"GEM","PGJ_MICH","GEM850101C99","PGJ_EDIFICIO_CENTRAL FR",70131203,,,"CUAD-BROADSOFT"
"GCM","GCM","GCM960301469","CCM OFV IXMIQUILPAN",71293736,,,"CUAD-BROADSOFT"
"GCM","GCM","GCM960301469","OFV TLAXCALA (NUEVO)",71698875,,,"CUAD-BROADSOFT"
"GCM","GCM","GCM960301469","CEDIS_VERACRUZ",71695428,,,"CUAD-BROADSOFT"
"GCM","GCM","GCM960301469","OFV CELAYA II",71432913,,,"CUAD-BROADSOFT"
"GCM","GCM","GCM960301469","CCM OFV RIO VERDE II",71432516,,,"CUAD-BROADSOFT"
"GCM","GCM","GCM960301469","CERVECERIA JOJUTLA DOM NVO",71410163,,,"CUAD-BROADSOFT"
"GCM","GCM","GCM960301469","OFV ZAMORA",71406516,,,"CUAD-BROADSOFT"
"GCM","GCM","GCM960301469","OFV ESCUINAPA",71397379,,,"CUAD-BROADSOFT"
"GCM","GCM","GCM960301469","OFV HUAUCHINANGO",71397376,,,"CUAD-BROADSOFT"
"GCM","GCM","GCM960301469","OFV SAHUAYO",71397370,,,"CUAD-BROADSOFT"
"GCM","GCM","GCM960301469","OFV ACAMBARO",71397357,,,"CUAD-BROADSOFT"
"GCM","GCM","GCM960301469","OFV GUADALUPE VICTORIA",71397356,,,"CUAD-BROADSOFT"
"GCM","GCM","GCM960301469","OFV EL FUERTE",71396508,,,"CUAD-BROADSOFT"
"GCM","GCM","GCM960301469","OFV ZITACUARO",71396496,,,"CUAD-BROADSOFT"
"GCM","GCM","GCM960301469","OFV TIERRA BLANCA",71396470,,,"CUAD-BROADSOFT"
"GCM","GCM","GCM960301469","OFV TEPATITLAN",71396467,,,"CUAD-BROADSOFT"
"GCM","GCM","GCM960301469","OFV CHICONTEPEC",71396461,,,"CUAD-BROADSOFT"
"GCM","GCM","GCM960301469","OFV CHAPALA",71396459,,,"CUAD-BROADSOFT"
"GCM","GCM","GCM960301469","OFV SINALOA DE LEYVA",71396443,,,"CUAD-BROADSOFT"
"GCM","GCM","GCM960301469","OFV CANANEA",71396441,,,"CUAD-BROADSOFT"
"GCM","GCM","GCM960301469","OFV AUTLAN DE NAVARRO",71396422,,,"CUAD-BROADSOFT"
"GCM","GCM","GCM960301469","OFV ATOTONILCO",71396421,,,"CUAD-BROADSOFT"
"GCM","GCM","GCM960301469","OFV ATLACOMULCO",71396420,,,"CUAD-BROADSOFT"
"GCM","GCM","GCM960301469","OFV AMECA",71396418,,,"CUAD-BROADSOFT"
"GCM","GCM","GCM960301469","OFV NARANJOS",71396411,,,"CUAD-BROADSOFT"
"GCM","GCM","GCM960301469","OF CHALCHOAPA",71396387,,,"CUAD-BROADSOFT"
"GCM","GCM","GCM960301469","CNC EN COZUMEL",71396378,,,"CUAD-BROADSOFT"
"GCM","GCM","GCM960301469","CCM TULANCINGO CALTENGO",71389587,,,"CUAD-BROADSOFT"
"GCM","GCM","GCM960301469","GCM HUAJUAPAN",71384785,,,"CUAD-BROADSOFT"
"GCM","GCM","GCM960301469","GCM OFV JIUTEPEC",71384256,,,"CUAD-BROADSOFT"
"GCM","GCM","GCM960301469","CCM PTO ESCONDIDO GRANJAS",71333348,,,"CUAD-BROADSOFT"
"GCM","GCM","GCM960301469","CCM OFV PUERTO PENASCO CARR SONOYTA PENASCO",71321186,,,"CUAD-BROADSOFT"
"GCM","GCM","GCM960301469","CCM OFV APATZINGAN LA FLORIDA",71319810,,,"CUAD-BROADSOFT"
"GCM","GCM","GCM960301469","OFV IGUALA",71293915,,,"CUAD-BROADSOFT"
"GCM","GCM","GCM960301469","CCM GUAMUCHIL SINALOA",71293765,,,"CUAD-BROADSOFT"
"GCM","GCM","GCM960301469","SOCUM ORIZABA",71293753,,,"CUAD-BROADSOFT"
"GCM","GCM","GCM960301469","CCM OFV SAN FERNANDO",71293748,,,"CUAD-BROADSOFT"
"GCM","GCM","GCM960301469","CCM OFV CUAUTLA",71293737,,,"CUAD-BROADSOFT"
"GCM","GCM","GCM960301469","CCM OFV CHILPANCINGO",71293730,,,"CUAD-BROADSOFT"
"GCM","GCM","GCM960301469","CCM OFV SAN QUINTIN",71293728,,,"CUAD-BROADSOFT"
"GCM","GCM","GCM960301469","CCM OFV CD ALTAMIRANO",71293723,,,"CUAD-BROADSOFT"
"GCM","GCM","GCM960301469","CCM OFV PURUANDIRO",71293720,,,"CUAD-BROADSOFT"
"GCM","GCM","GCM960301469","CERVECERIA SOLEDAD DE DOBLADO VER CTRO",71293706,,,"CUAD-BROADSOFT"
"GCM","GCM","GCM960301469","CERVECERIA OFV GUADALUPE",71293702,,,"CUAD-BROADSOFT"
"GCM","GCM","GCM960301469","CERVECERIA BODEGA MIGUEL ALEMAN CENTRO",71293697,,,"CUAD-BROADSOFT"
"GCM","GCM","GCM960301469","CCM OFV MEDELLIN",71293696,,,"CUAD-BROADSOFT"
"GCM","GCM","GCM960301469","CCM OFV ISLAS MUJERES",71293693,,,"CUAD-BROADSOFT"
"GCM","GCM","GCM960301469","CCM OFV LOS REYES",71293683,,,"CUAD-BROADSOFT"
"GCM","GCM","GCM960301469","CCM OFV LEON",71293680,,,"CUAD-BROADSOFT"
"GCM","GCM","GCM960301469","CCM OFV DURANGO",71293677,,,"CUAD-BROADSOFT"
"GCM","GCM","GCM960301469","CCM FRANQUICIA SALTILLO",71293670,,,"CUAD-BROADSOFT"
"GCM","GCM","GCM960301469","CCM CERVECERIA TOLUCA",71293656,,,"CUAD-BROADSOFT"
"GCM","GCM","GCM960301469","CCM OFV OCOTLAN",71293641,,,"CUAD-BROADSOFT"
"GCM","GCM","GCM960301469","CCM OFV IZAMAL",71293627,,,"CUAD-BROADSOFT"
"GCM","GCM","GCM960301469","CCM OFV TIZIMIN",71293623,,,"CUAD-BROADSOFT"
"GCM","GCM","GCM960301469","CCM OFV ZIHUATANEJO",71293618,,,"CUAD-BROADSOFT"
"GCM","GCM","GCM960301469","CCM OFV CUAUHTEMOC",71293616,,,"CUAD-BROADSOFT"
"GCM","GCM","GCM960301469","CCM OFV DELICIAS",71293615,,,"CUAD-BROADSOFT"
"GCM","GCM","GCM960301469","CCM OFV JUCHITAN",71293610,,,"CUAD-BROADSOFT"
"GCM","GCM","GCM960301469","CCM OFV OMETEPEC",71293606,,,"CUAD-BROADSOFT"
"GCM","GCM","GCM960301469","CCM OFV TAXCO",71293605,,,"CUAD-BROADSOFT"
"GCM","GCM","GCM960301469","CCM OFV CABO SAN LUCAS",71293599,,,"CUAD-BROADSOFT"
"GCM","GCM","GCM960301469","CCM OFV PLAYA DEL CARMEN",71293582,,,"CUAD-BROADSOFT"
"GCM","GCM","GCM960301469","CCM FRANQUICIA MONCLOVA",71293581,,,"CUAD-BROADSOFT"
"GCM","GCM","GCM960301469","CCM OFV MATEHUALA",71293568,,,"CUAD-BROADSOFT"
"GCM","GCM","GCM960301469","CCM OFV LOS MOCHIS",71293556,,,"CUAD-BROADSOFT"
"GCM","GCM","GCM960301469","CCM OFV GUASAVE",71293553,,,"CUAD-BROADSOFT"
"GCM","GCM","GCM960301469","CCM OFV SAN LUIS RIO COLORADO",71293547,,,"CUAD-BROADSOFT"
"GAYA","Gayosso","GGA9408307C7","GAYOSSO MEXICALI 2",71566324,,,"CUAD-BROADSOFT"
"GAYA","Gayosso","GGA9408307C7","AMERICAS",71507616,,,"CUAD-BROADSOFT"
"GAYA","Gayosso","GGA9408307C7","OFICINAS ADMINISTRATIVAS COLON",71405513,,,"CUAD-BROADSOFT"
"GAYA","Gayosso","GGA9408307C7","FUERZA DE VENTAS DURANGO",71369052,,,"CUAD-BROADSOFT"
"GAYA","Gayosso","GGA9408307C7","TIEMPO Y VIDA REVOLUCION",71332386,,,"CUAD-BROADSOFT"
"GAYA","Gayosso","GGA9408307C7","FUERZA DE VENTAS ELITE",71325154,,,"CUAD-BROADSOFT"
"GAYA","Gayosso","GGA9408307C7","CAPILLAS ALLENDE",71319118,,,"CUAD-BROADSOFT"
"GAYA","Gayosso","GGA9408307C7","FUERZA DE VENTAS CENTRO CIVICO MEXICALI",71319109,,,"CUAD-BROADSOFT"
"GAYA","Gayosso","GGA9408307C7","OFICINAS ADMINISTRATIVAS IRAPUATO",71319086,,,"CUAD-BROADSOFT"
"GAYA","Gayosso","GGA9408307C7","OFICINAS ADMINISTRATIVAS SULLIVAN",71319076,,,"CUAD-BROADSOFT"